"term","estimate","std.error","conf.low","conf.high","model"
"1","(Intercept)",11.0605441453819,2.22671425074459,6.69626441006042,15.4248238807034,"haul_duration"
"2","haul_dur",0.0557624881743654,0.0297705208330662,-0.00258666045944368,0.114111636808175,"haul_duration"
